{
    "train": {
        "loss": 1.951838493347168,
        "f1_score": 0.0
    },
    "eval": {
        "loss": 1.9073883295059204,
        "f1_score": 0.0
    },
    "step": 0,
    "test": {
        "precision": 0.02040816326530612,
        "recall": 0.14285714285714285,
        "f1_score": 0.03571428571428571
    }
}
