{
    "train": {
        "loss": 1.9008194208145142,
        "f1_score": 0.0
    },
    "step": 0,
    "test": {
        "precision": 0.08333333333333333,
        "recall": 0.2857142857142857,
        "f1_score": 0.1285714285714286
    }
}
