{
    "train": {
        "loss": 1.9199846982955933,
        "f1_score": 0.0
    },
    "eval": {
        "loss": 1.8785346746444702,
        "f1_score": 0.0
    },
    "step": 0,
    "test": {
        "precision": 0.02040816326530612,
        "recall": 0.14285714285714285,
        "f1_score": 0.03571428571428571
    }
}
